,Dataset,MAE,RMSE,r2
0,Train,64.93873751889696,92.85838442634655,0.8784993272694962
1,Test,220.1640804693154,294.9319552090303,0.48103406229342693
