,Dataset,MAE,RMSE,r2
0,Train,91.3398889537006,131.95147167100987,0.7546619481572132
1,Test,174.87880593984625,222.04876227340222,0.7058343844875049
