,Dataset,MAE,RMSE,r2
0,Train,61.13720768609245,86.76397268492569,0.8939244496692841
1,Test,188.03710029695682,246.1605913147765,0.6384800676875186
