,Dataset,MAE,RMSE,r2
0,Train,88.68507597841939,127.93127109464737,0.7693837713905578
1,Test,202.57265247020575,263.4042470957455,0.5860568116686967
