,Dataset,MAE,RMSE,r2
0,Train,69.94950955493738,100.75808036034331,0.8569472519026626
1,Test,177.6322661137484,231.46239099593157,0.680363722541756
