,Dataset,MAE,RMSE,r2
0,Train,589.3389460437963,694.5616086965227,-3.4141959902149255
1,Test,578.6535920565556,687.2776016592571,-3.332475875847173
