,Dataset,MAE,RMSE,r2
0,Train,588.811077482053,695.4422715223888,-3.425396962954034
1,Test,574.252308736668,688.1749860160076,-3.3437971652286222
