,Dataset,MAE,RMSE,r2
0,Train,693.7161351717282,807.5638685286482,-4.967381763761751
1,Test,670.1409564209105,788.6189189010881,-4.704349877933796
