,Dataset,MAE,RMSE,r2
0,Train,63.61956367214585,103.38584851294951,0.9021969820770669
1,Test,100.525673113506,165.41814511744343,0.7490206065304943
