,Dataset,MAE,RMSE,r2
0,Train,77.36993505253149,123.34267756933183,0.8607943677341066
1,Test,95.18505330796849,145.54690006883024,0.8056978115061783
