,Dataset,MAE,RMSE,r2
0,Train,106.07910672291173,162.055823740709,0.7596969137109155
1,Test,101.81212018778105,153.07426200430066,0.7850803519233425
