,Dataset,MAE,RMSE,r2
0,Train,109.36694010379621,164.0437387862783,0.7537652284360795
1,Test,111.18865549513745,162.8507860241416,0.7567507609638748
