,Dataset,MAE,RMSE,r2
0,Train,66.98039836218841,107.93934183934905,0.8933920494662326
1,Test,94.87866743696623,160.5492299873829,0.7635778153486088
