,Dataset,MAE,RMSE,r2
0,Train,63.469177852528034,102.73738482500595,0.7242333328799342
1,Test,48.730757466404064,67.71285877191157,0.6630631688541733
