,Dataset,MAE,RMSE,r2
0,Train,52.57520963464898,86.23804004808905,0.8056956549492924
1,Test,85.98041757927005,116.78893349131981,-0.0023273311103315653
