,Dataset,MAE,RMSE,r2
0,Train,55.76069690623214,88.19938228164914,0.7967568842300815
1,Test,48.1066795275031,68.745357810881,0.6527094698613852
