,Dataset,MAE,RMSE,r2
0,Train,51.77546361312124,82.30037624861362,0.8230345851709647
1,Test,63.55860574709387,97.85384031413493,0.2963415027726086
