,Dataset,MAE,RMSE,r2
0,Train,60.5898314277723,100.8496982993582,0.7342740528051218
1,Test,38.83192606026218,60.48793259360272,0.7311291811288264
