,Dataset,MAE,RMSE,r2,MAPE,Training Time
0,Train,43.481307744665486,59.11290946821373,0.6215417935183983,0.1632918819156543,28.83915114402771
1,Test,37.05065620750202,50.68399276048185,0.5490605653619809,0.14165054043256575, 
