,Dataset,MAE,RMSE,r2
0,Train,33.7541672558109,47.52077204938176,0.7605735424033628
1,Test,44.014846487593246,64.05873761275417,0.6143176059604765
