,Dataset,MAE,RMSE,r2
0,Train,477.21215077154085,580.5307029250955,-2.083759143364162
1,Test,462.7769456837264,568.496977443265,-1.9643405311727835
