,Dataset,MAE,RMSE,r2
0,Train,26.088756222664294,37.46741887521344,0.8511623803833982
1,Test,43.11063941993856,65.92839493054466,0.5914755369289986
