,Dataset,MAE,RMSE,r2,MAPE,Training Time
0,Train,44.09314464708463,59.866580575231076,0.6118298258995316,0.1713981584367271,20.438690185546875
1,Test,37.3480691012153,50.34729523311291,0.5550319135045431,0.14687663486907118, 
