,Dataset,MAE,RMSE,r2
0,Train,23.984842723009,34.530452495508165,0.8735817705996097
1,Test,47.59012647054521,72.10825159597414,0.5112992638323781
