,Dataset,MAE,RMSE,r2,MAPE,Training Time
0,Train,43.004319777632276,59.845688261266055,0.6121007068481971,0.15917067596272488,24.08008885383606
1,Test,37.33630842548683,51.78311086278201,0.5292906232937715,0.13874057073582058, 
