,Dataset,MAE,RMSE,r2
0,Train,30.985972724448636,45.58041073268257,0.7797268141586106
1,Test,43.68995230897384,66.39467625867601,0.5856764895165986
