,Dataset,MAE,RMSE,r2
0,Train,24.437662256781202,35.24239352639379,0.8683151064386236
1,Test,46.22301289284918,70.57429386545884,0.531870353795345
